line_name_h,lon,lat
中央新幹線,137.4939 ,35.4114 
東海道新幹線,137.7215 ,35.1441 
山陽新幹線,133.1479 ,34.4193 
東北新幹線,140.7632 ,38.2743 
上越新幹線,139.1215 ,36.7986 
上越新幹線(ガーラ湯沢支線),138.8033 ,36.9429 
山形新幹線,140.1685 ,37.5882 
秋田新幹線,140.3623 ,37.7573 
北陸新幹線,138.0357 ,36.1860 
九州新幹線,130.5768 ,32.7943 
北海道新幹線,140.6442 ,42.0941 
西九州新幹線,130.0229 ,33.1963 
JR函館本線(函館～長万部),140.4834 ,42.2398 
JR函館本線(長万部～小樽),140.6429 ,42.9199 
JR函館本線(小樽～旭川),141.6979 ,43.4151 
JR室蘭本線(長万部・室蘭～苫小牧),141.0064 ,42.5707 
JR室蘭本線(苫小牧～岩見沢),141.7445 ,42.9384 
JR根室本線(滝川～富良野),142.1500 ,43.5000 
JR根室本線(新得～釧路),143.5647 ,42.9657 
JR根室本線(釧路～根室),145.0643 ,43.1276 
JR千歳線,141.5676 ,42.8859 
JR石勝線,142.1208 ,42.9776 
JR日高本線,142.1892 ,42.4395 
JR札沼線,141.6575 ,43.3304 
JR留萌本線,141.7638 ,43.8473 
JR富良野線,142.4293 ,43.6098 
JR宗谷本線,142.2256 ,44.6587 
JR石北本線,143.3629 ,43.9614 
JR釧網本線,144.4338 ,43.5237 
JR海峡線,140.3290 ,41.3666 
JR江差線,140.4168 ,41.7754 
JR東北本線(八戸～青森),141.1472 ,40.6979 
JR奥羽本線(新庄～青森),140.4427 ,39.9223 
JR東北本線(黒磯～利府・盛岡),140.8981 ,38.4614 
JR大湊線,141.2342 ,41.0770 
JR五能線,140.1536 ,40.6225 
JR津軽線,140.6380 ,40.9972 
JR八戸線,141.7019 ,40.4026 
JR岩泉線,141.7111 ,39.7526 
JR大船渡線,141.4724 ,38.9616 
JR釜石線,141.5279 ,39.3264 
JR北上線,140.8466 ,39.3047 
JR田沢湖線,140.7686 ,39.6934 
JR花輪線,140.8453 ,40.1337 
JR山田線,141.6668 ,39.5969 
JR羽越本線,139.7618 ,38.7329 
JR男鹿線,139.9587 ,39.8924 
JR奥羽本線(福島～新庄),140.2834 ,38.3077 
JR仙山線,140.5996 ,38.3147 
JR左沢線,140.2808 ,38.3357 
JR米坂線,139.7704 ,38.0450 
JR陸羽西線,140.0962 ,38.7553 
JR陸羽東線,140.6813 ,38.7300 
JR仙石線,141.0726 ,38.3663 
JR石巻線,141.2523 ,38.4869 
JR気仙沼線,141.4645 ,38.6962 
JR磐越西線(郡山～会津若松),140.1308 ,37.5177 
JR磐越西線,139.1214 ,37.8004 
JR只見線,139.4478 ,37.3918 
JR磐越東線,140.6426 ,37.2698 
JR常磐線(取手～いわき),140.5189 ,36.5190 
JR常磐線(いわき～仙台),140.9334 ,37.6616 
JR東海道本線(東京～熱海),139.4302 ,35.3951 
JR山手線,139.7352 ,35.6930 
JR南武線,139.5622 ,35.6213 
JR鶴見線,139.6973 ,35.5032 
JR武蔵野線,139.7051 ,35.8026 
JR横浜線,139.4711 ,35.5610 
JR根岸線,139.5987 ,35.4148 
JR横須賀線,139.6476 ,35.4834 
JR相模線,139.3678 ,35.4832 
JR中央本線(東京～塩尻),138.6174 ,35.7704 
JR中央線(快速),139.5380 ,35.7002 
JR中央・総武緩行線,139.8372 ,35.7016 
JR総武本線,140.2547 ,35.6879 
JR青梅線,139.2400 ,35.7826 
JR五日市線,139.2917 ,35.7258 
JR八高線(八王子～高麗川),139.3330 ,35.7805 
JR八高線(高麗川～高崎),139.1797 ,36.1210 
JR東北本線,139.8464 ,36.3794 
JR常磐線(上野～取手),139.9238 ,35.8197 
JR埼京線,139.6182 ,35.8032 
JR川越線,139.4693 ,35.9096 
JR高崎線,139.4522 ,36.0957 
JR外房線,140.2798 ,35.3487 
JR内房線,139.9481 ,35.2933 
JR京葉線,139.9361 ,35.6436 
JR成田線,140.3724 ,35.8628 
JR成田エクスプレス,139.7572 ,35.6921 
JR鹿島線,140.5647 ,35.9427 
JR久留里線,140.0465 ,35.3507 
JR東金線,140.3681 ,35.5623 
JR京浜東北線,139.6425 ,35.6393 
JR湘南新宿ライン,139.6229 ,35.6574 
上野東京ライン,139.7721 ,35.6975 
JR烏山線,140.0650 ,36.6587 
JR吾妻線,138.7913 ,36.5520 
JR信越本線,138.8808 ,36.3304 
JR水郡線,140.4622 ,36.9220 
JR水戸線,140.0513 ,36.3336 
JR日光線,139.7529 ,36.6361 
JR両毛線,139.3879 ,36.3568 
JR上越線,138.8924 ,36.9154 
JR小海線,138.4220 ,36.3263 
JR身延線,138.5324 ,35.3922 
JR信越本線(篠ノ井～長野),138.1598 ,36.6086 
JR信越本線(直江津～新潟),138.7595 ,37.5111 
JR北陸本線(富山～直江津),137.7185 ,37.0150 
JR白新線,139.1905 ,37.9240 
JR飯山線,138.5417 ,36.9845 
JR越後線,138.8340 ,37.6267 
JR大糸線,137.8735 ,36.6761 
JR弥彦線,138.9044 ,37.6733 
JR中央本線(名古屋～塩尻),137.4685 ,35.6625 
JR篠ノ井線,138.0173 ,36.3842 
JR飯田線(豊橋～天竜峡),137.6689 ,35.1256 
JR飯田線(天竜峡～辰野),137.8986 ,35.7599 
JR北陸本線(米原～敦賀),136.4425 ,36.3339 
JR高山本線,137.1437 ,36.0351 
JR城端線,136.9631 ,36.6469 
JR氷見線,137.0168 ,36.8060 
JR七尾線,136.7916 ,36.8807 
JR北陸本線(敦賀～敦賀港),136.0755 ,35.6563 
JR越美北線,136.4413 ,35.9986 
JR小浜線,135.7418 ,35.5302 
JR東海道本線(熱海～浜松),138.3888 ,34.9491 
JR東海道本線(浜松～岐阜),137.1292 ,35.0464 
JR東海道本線(岐阜～美濃赤坂・米原),136.5282 ,35.3636 
JR伊東線,139.0697 ,35.0476 
JR御殿場線,139.0331 ,35.2225 
JR武豊線,136.9587 ,34.9326 
JR太多線,137.0626 ,35.3912 
JR関西本線(名古屋～亀山),136.6393 ,35.0333 
JR関西本線(亀山～加茂),136.1750 ,34.8014 
JR紀勢本線,136.2873 ,34.3215 
JR草津線,136.1045 ,34.9646 
JR参宮線,136.6988 ,34.4958 
JR名松線,136.3882 ,34.6003 
JR東海道本線(米原～京都),136.0951 ,35.1193 
JR東海道本線(京都～大阪),135.4952 ,34.7024 
JR東海道本線(大阪～神戸),135.3347 ,34.7288 
JR湖西線,135.9649 ,35.2464 
JR関西本線(加茂～ＪＲ難波),135.6774 ,34.6504 
JR山陽本線(神戸～姫路),134.9283 ,34.7200 
JR山陽本線(姫路～岡山),134.2462 ,34.8135 
JR山陽本線(岡山～三原),133.5638 ,34.5230 
JR山陽本線(三原～岩国),132.5498 ,34.3865 
JR山陽本線(岩国～門司),131.6063 ,34.0717 
JR山陽本線(兵庫～和田岬),135.1679 ,34.6658 
JR山陰本線(京都～園部),135.6042 ,35.0531 
JR山陰本線(園部～豊岡),135.0887 ,35.3261 
JR山陰本線(豊岡～米子),134.0209 ,35.5218 
JR片町線,135.6902 ,34.7600 
奈良線,135.7864 ,34.8340 
JR舞鶴線,135.2793 ,35.3677 
大阪環状線,135.5022 ,34.6815 
JR桜島線,135.4474 ,34.6740 
JR東西線,135.4730 ,34.7079 
阪和線(天王寺～和歌山),135.4012 ,34.4615 
阪和線(鳳～東羽衣),135.4496 ,34.5341 
JR関西空港線,135.2889 ,34.4152 
JR福知山線(新大阪～篠山口),135.3444 ,34.8699 
福知山線(篠山口～福知山),135.1056 ,35.1608 
JR赤穂線,134.1975 ,34.7473 
JR加古川線,134.9525 ,34.9371 
JR姫新線(姫路～佐用),134.5265 ,34.9259 
JR姫新線(佐用～新見),133.8805 ,35.0502 
JR播但線,134.7641 ,35.1132 
JR和歌山線,135.5571 ,34.3636 
桜井線,135.8007 ,34.5807 
JR紀勢本線(新宮～和歌山),135.4272 ,33.8318 
紀勢本線(和歌山～和歌山市),135.1783 ,34.2380 
おおさか東線,135.5500 ,34.6900 
JR山陰本線(米子～益田),132.5611 ,35.2073 
JR山陰本線(益田～下関),131.2727 ,34.3594 
JR伯備線,133.4956 ,35.0533 
JR因美線,134.1500 ,35.2647 
JR境線,133.2625 ,35.4881 
JR木次線,133.0215 ,35.1993 
JR三江線,132.5630 ,34.9430 
JR山口線,131.4735 ,34.3466 
JR宇野線,133.9132 ,34.5758 
JR本四備讃線,133.8094 ,34.4543 
JR吉備線,133.8273 ,34.6812 
JR芸備線,132.9216 ,34.7739 
JR津山線,133.9227 ,34.8912 
JR呉線,132.7797 ,34.3873 
JR可部線,132.4778 ,34.4582 
JR福塩線,133.1298 ,34.6383 
JR宇部線,131.3027 ,34.0194 
JR美祢線,131.1807 ,34.2333 
JR小野田線,131.1937 ,33.9786 
JR岩徳線,132.0570 ,34.0935 
JR土讃線,133.5703 ,33.7664 
JR高徳線,134.3106 ,34.2495 
JR徳島線,134.1518 ,34.0487 
JR牟岐線,134.5084 ,33.8400 
JR鳴門線,134.5684 ,34.1638 
JR予讃線,133.3627 ,34.1930 
JR予讃・内子線,132.5895 ,33.5570 
JR予土線,132.8224 ,33.2329 
JR博多南線,130.4288 ,33.5649 
JR鹿児島本線(下関・門司港～博多),130.6285 ,33.8367 
JR鹿児島本線(博多～八代),130.5063 ,33.0924 
JR鹿児島本線(川内～鹿児島),130.3635 ,31.6533 
JR長崎本線(鳥栖～長崎),130.1522 ,33.1214 
JR日豊本線(門司港～佐伯),131.3036 ,33.5549 
JR日豊本線(佐伯～鹿児島中央),131.4472 ,32.2170 
JR篠栗線,130.5327 ,33.6199 
JR筑肥線(姪浜～西唐津),130.1294 ,33.5116 
JR筑豊本線(若松～折尾),130.7521 ,33.8882 
JR筑豊本線(折尾～桂川),130.7061 ,33.7345 
JR筑豊本線(桂川～原田),130.6091 ,33.5242 
JR久大本線,131.0360 ,33.2621 
JR日田彦山線,130.8730 ,33.7300 
JR後藤寺線,130.7431 ,33.6389 
JR香椎線(西戸崎～香椎),130.4042 ,33.6767 
JR香椎線(香椎～宇美),130.4729 ,33.6196 
JR佐世保線,129.9400 ,33.1881 
JR筑肥線(西唐津～伊万里),129.9397 ,33.3713 
JR唐津線,130.0774 ,33.3354 
JR大村線,129.9214 ,33.0017 
JR豊肥本線,131.2621 ,33.0171 
JR三角線,130.5893 ,32.6914 
JR肥薩線(八代～吉松),130.6833 ,32.2870 
JR肥薩線(吉松～隼人),130.7067 ,31.8910 
JR宮崎空港線,131.4328 ,31.8953 
JR日南線,131.3627 ,31.6836 
JR吉都線,130.9564 ,31.9172 
JR指宿枕崎線,130.5034 ,31.3600 
東武東上線,139.4596 ,35.9212 
東武伊勢崎線,139.4993 ,36.0568 
東武日光線,139.6912 ,36.4458 
東武野田線,139.8919 ,35.8879 
東武亀戸線,139.8243 ,35.7080 
東武大師線,139.7853 ,35.7791 
東武越生線,139.3426 ,35.9532 
東武宇都宮線,139.8179 ,36.4838 
東武鬼怒川線,139.7072 ,36.7981 
東武佐野線,139.5681 ,36.3289 
東武桐生線,139.3234 ,36.3694 
東武小泉線,139.4507 ,36.2566 
西武池袋線,139.4679 ,35.7913 
西武秩父線,139.2047 ,35.9217 
西武有楽町線,139.6676 ,35.7404 
西武豊島線,139.6515 ,35.7400 
西武狭山線,139.4392 ,35.7796 
西武山口線,139.4314 ,35.7706 
西武新宿線,139.5309 ,35.7769 
西武拝島線,139.4131 ,35.7329 
西武西武園線,139.4574 ,35.7642 
西武国分寺線,139.4677 ,35.7306 
西武多摩湖線,139.4685 ,35.7410 
西武多摩川線,139.5135 ,35.6770 
京成本線,140.0723 ,35.7263 
京成押上線,139.8418 ,35.7370 
京成金町線,139.8686 ,35.7612 
京成千葉線,140.0661 ,35.6507 
京成千原線,140.1401 ,35.5789 
京成成田空港線,140.0456 ,35.7835 
京王線,139.5336 ,35.6784 
京王相模原線,139.4375 ,35.6258 
京王高尾線,139.3084 ,35.6433 
京王競馬場線,139.4896 ,35.6689 
京王動物園線,139.4100 ,35.6575 
京王井の頭線,139.6350 ,35.6767 
京王新線,139.6853 ,35.6805 
小田急小田原線,139.4348 ,35.5285 
小田急江ノ島線,139.4498 ,35.4357 
小田急多摩線,139.4603 ,35.6195 
東急東横線,139.6683 ,35.5861 
東急目黒線,139.6784 ,35.6038 
東急田園都市線,139.5847 ,35.5832 
東急大井町線,139.6754 ,35.6070 
東急池上線,139.7062 ,35.5939 
東急多摩川線,139.6874 ,35.5724 
東急世田谷線,139.6525 ,35.6532 
東急こどもの国線,139.4879 ,35.5481 
東急新横浜線,139.6362 ,35.5366 
京急本線,139.6654 ,35.4700 
京急空港線,139.7498 ,35.5550 
京急大師線,139.7233 ,35.5357 
京急逗子線,139.5989 ,35.3147 
京急久里浜線,139.6683 ,35.2287 
東京メトロ銀座線,139.7572 ,35.6865 
東京メトロ丸ノ内線,139.7004 ,35.7052 
東京メトロ日比谷線,139.7679 ,35.6947 
東京メトロ東西線,139.8155 ,35.6833 
東京メトロ千代田線,139.7559 ,35.7230 
東京メトロ有楽町線,139.7042 ,35.7332 
東京メトロ半蔵門線,139.7652 ,35.6881 
東京メトロ南北線,139.7343 ,35.7103 
東京メトロ副都心線,139.6867 ,35.7314 
相鉄本線,139.5091 ,35.4656 
相鉄いずみ野線,139.4965 ,35.4315 
相鉄・JR直通線,139.5523 ,35.5766 
相鉄新横浜線,139.5919 ,35.4971 
名鉄名古屋本線,137.0465 ,35.0902 
名鉄豊川線,137.3621 ,34.8292 
名鉄西尾線,137.0758 ,34.8957 
名鉄蒲郡線,137.1491 ,34.8302 
名鉄三河線,137.0397 ,35.0279 
名鉄豊田線,137.0950 ,35.1203 
名鉄空港線,136.8275 ,34.8784 
名鉄常滑線,136.8720 ,35.0522 
名鉄河和線,136.9060 ,34.9238 
名鉄知多新線,136.8808 ,34.8048 
名鉄築港線,136.9057 ,35.0919 
名鉄瀬戸線,136.9925 ,35.2078 
名鉄津島線,136.7782 ,35.1984 
名鉄尾西線,136.7444 ,35.2437 
名鉄犬山線,136.8899 ,35.3117 
名鉄各務原線,136.8533 ,35.4032 
名鉄広見線,137.0290 ,35.4178 
名鉄小牧線,136.9396 ,35.2963 
名鉄モンキーパークモノレール線,136.9512 ,35.3906 
名鉄竹鼻線,136.7325 ,35.3494 
名鉄羽島線,136.6931 ,35.3140 
近鉄難波線,135.5272 ,34.6634 
近鉄橿原線,135.7855 ,34.5967 
近鉄南大阪線,135.6531 ,34.5725 
近鉄養老線,136.6320 ,35.2592 
近鉄大阪線,135.8721 ,34.6156 
近鉄伊賀線,136.1393 ,34.7334 
近鉄吉野線,135.7945 ,34.4294 
近鉄湯の山線,136.5444 ,34.9942 
近鉄山田線,136.5903 ,34.5698 
近鉄鳥羽線,136.7727 ,34.4838 
近鉄天理線,135.8037 ,34.6028 
近鉄道明寺線,135.6220 ,34.5801 
内部線,136.6051 ,34.9495 
八王子線,136.6078 ,34.9582 
近鉄志摩線,136.8269 ,34.4032 
近鉄生駒線,135.7029 ,34.6541 
近鉄田原本線,135.7435 ,34.5746 
近鉄御所線,135.7249 ,34.4880 
近鉄鈴鹿線,136.5828 ,34.8780 
近鉄奈良線,135.6904 ,34.6877 
近鉄信貴線,135.6326 ,34.6251 
近鉄長野線,135.5987 ,34.5005 
近鉄けいはんな線,135.6759 ,34.6989 
近鉄西信貴鋼索線,135.6480 ,34.6177 
近鉄京都線,135.7856 ,34.8540 
近鉄生駒鋼索線,135.6888 ,34.6858 
近鉄名古屋線,136.6439 ,34.9431 
南海本線,135.3620 ,34.4954 
南海空港線,135.2841 ,34.4231 
南海和歌山港線,135.1551 ,34.2314 
南海高師浜線,135.4387 ,34.5307 
南海加太線,135.1256 ,34.2644 
南海多奈川線,135.1448 ,34.3184 
南海高野線,135.5433 ,34.4653 
南海高野山ケーブル,135.5799 ,34.2316 
南海汐見橋線,135.4864 ,34.6484 
京阪本線,135.6706 ,34.8496 
京阪宇治線,135.7869 ,34.9190 
京阪交野線,135.6679 ,34.7940 
京阪鴨東線,135.7722 ,35.0231 
京阪鋼索線,135.6997 ,34.8833 
京阪石山坂本線,135.8737 ,35.0214 
京阪京津線,135.8352 ,35.0056 
京阪中之島線,135.5004 ,34.6934 
阪急神戸本線,135.3536 ,34.7358 
阪急宝塚本線,135.4343 ,34.7861 
阪急京都本線,135.6107 ,34.8605 
阪急今津線,135.3547 ,34.7707 
阪急甲陽線,135.3288 ,34.7528 
阪急伊丹線,135.4146 ,34.7701 
阪急箕面線,135.4602 ,34.8230 
阪急千里線,135.5134 ,34.7709 
阪急嵐山線,135.6911 ,34.9965 
阪神本線,135.3388 ,34.7271 
阪神なんば線,135.4542 ,34.6944 
阪神武庫川線,135.3792 ,34.7122 
西鉄天神大牟田線,130.4695 ,33.3374 
西鉄太宰府線,130.5255 ,33.5108 
西鉄甘木線,130.6000 ,33.3746 
西鉄貝塚線,130.4465 ,33.7120 
札幌市営地下鉄東西線,141.3773 ,43.0565 
札幌市営地下鉄南北線,141.3433 ,43.0645 
札幌市営地下鉄東豊線,141.3731 ,43.0720 
札幌市電 一条・山鼻軌道線,141.3442 ,43.0468 
函館市電２系統,140.7474 ,41.7805 
函館市電５系統,140.7437 ,41.7796 
北海道ちほく高原鉄道ふるさと銀河線,143.6400 ,43.4229 
道南いさりび鉄道線,140.5859 ,41.7293 
津軽鉄道線,140.4475 ,40.8919 
弘南鉄道弘南線,140.5487 ,40.6118 
弘南鉄道大鰐線,140.5091 ,40.5602 
十和田観光電鉄,141.2927 ,40.6434 
いわて銀河鉄道線,141.1881 ,40.0497 
青い森鉄道線,141.0522 ,40.6632 
三陸鉄道北リアス線,141.8598 ,39.9134 
三陸鉄道リアス線,141.8071 ,39.6823 
秋田内陸縦貫鉄道秋田内陸線,140.4689 ,39.9176 
由利高原鉄道鳥海山ろく線,140.0944 ,39.3150 
山形鉄道フラワー長井線,140.0824 ,38.1261 
くりはら田園鉄道線,141.0333 ,38.8157 
阿武隈急行線,140.6629 ,37.9192 
仙台市営地下鉄南北線,140.8800 ,38.2763 
仙台市営地下鉄東西線,140.8882 ,38.2611 
福島交通飯坂線,140.4532 ,37.7952 
会津鉄道会津線,139.8480 ,37.2868 
仙台空港鉄道仙台空港線,140.9058 ,38.1618 
都営大江戸線,139.7137 ,35.7075 
都営浅草線,139.7586 ,35.6623 
都営三田線,139.7032 ,35.7188 
都営新宿線,139.8094 ,35.6892 
都営都電荒川線,139.7189 ,35.7118 
日暮里・舎人ライナー,139.7695 ,35.7818 
秩父鉄道秩父本線,139.2068 ,36.1010 
埼玉高速鉄道線,139.7270 ,35.8423 
いすみ鉄道いすみ線,140.2913 ,35.2674 
首都圏新都市鉄道つくばエクスプレス,139.9375 ,35.9058 
みなとみらい21線,139.6361 ,35.4557 
ゆりかもめ東京臨海新交通臨海線,139.7749 ,35.6429 
わたらせ渓谷鐵道わたらせ渓谷線,139.3508 ,36.5332 
山万ユーカリが丘線,140.1530 ,35.7309 
伊豆箱根鉄道大雄山線,139.1309 ,35.2894 
ひたちなか海浜鉄道湊線,140.5730 ,36.3715 
横浜市高速鉄道1号線・3号線,139.5515 ,35.4878 
横浜市高速鉄道4号線,139.5869 ,35.5472 
横浜新都市交通金沢シーサイドライン,139.6311 ,35.3622 
関東鉄道常総線,139.9901 ,36.1199 
関東鉄道竜ヶ崎線,140.1573 ,35.9189 
江ノ島電鉄線,139.5124 ,35.3261 
埼玉新都市交通伊奈線,139.6163 ,35.9627 
鹿島鉄道線,140.3911 ,36.1590 
鹿島臨海鉄道大洗鹿島線,140.5428 ,36.1873 
芝山鉄道線,140.3924 ,35.7636 
小湊鉄道線,140.1274 ,35.3958 
湘南モノレール,139.5102 ,35.3322 
上信電鉄,138.9156 ,36.2662 
上毛電気鉄道上毛線,139.1912 ,36.4170 
新京成電鉄新京成線,139.9704 ,35.7591 
真岡鐵道真岡線,140.0427 ,36.4450 
千葉都市モノレール１号線,140.1131 ,35.6083 
千葉都市モノレール２号線,140.1411 ,35.6264 
流鉄流山線,139.9120 ,35.8379 
多摩都市モノレール線,139.4217 ,35.6974 
銚子電気鉄道線,140.8474 ,35.7191 
東京モノレール羽田空港線,139.7633 ,35.5910 
東京臨海高速鉄道りんかい線,139.7661 ,35.6237 
東葉高速鉄道東葉高速線,140.0380 ,35.7191 
箱根登山鉄道鉄道線,139.0995 ,35.2460 
北総鉄道北総線,140.0378 ,35.7835 
野岩鉄道会津鬼怒川線,139.7013 ,36.9873 
箱根登山鉄道鋼索線,139.0414 ,35.2482 
宇都宮芳賀ライトレール線,139.9450 ,36.5548 
富士急行線,138.8608 ,35.5537 
北越急行ほくほく線,138.5910 ,37.1397 
しなの鉄道線,138.3174 ,36.4194 
北しなの線,138.2105 ,36.7553 
上田電鉄別所線,138.2109 ,36.3763 
長野電鉄長野線,138.3043 ,36.7019 
長野電鉄屋代線,138.2119 ,36.5992 
アルピコ交通上高地線,137.8974 ,36.2137 
富山地鉄本線,137.3898 ,36.7899 
富山地鉄立山線,137.3706 ,36.6326 
富山地鉄不二越・上滝線,137.2525 ,36.6550 
神岡鉄道神岡線,137.2728 ,36.4043 
黒部峡谷鉄道本線,137.6293 ,36.7714 
富山地鉄市内線,137.2105 ,36.6875 
富山地鉄富山都心線,137.2129 ,36.6955 
万葉線,137.0520 ,36.7687 
富山港線,137.2341 ,36.7612 
北陸鉄道石川線,136.6276 ,36.5075 
北陸鉄道浅野川線,136.6412 ,36.6110 
日本海ひすいライン,138.0056 ,37.0928 
妙高はねうまライン,138.0056 ,37.0928 
あいの風とやま鉄道線,137.2146 ,36.6842 
IRいしかわ鉄道株式会社,136.6000 ,36.5000 
のと鉄道七尾線,136.9044 ,37.1245 
えちぜん鉄道勝山永平寺線,136.3514 ,36.0864 
えちぜん鉄道三国芦原線,136.1920 ,36.1628 
福井鉄道福武線,136.2068 ,36.0108 
ハピラインふくい線,136.3000 ,36.0000 
伊豆急行線,139.0416 ,34.8244 
伊豆箱根鉄道駿豆線,138.9316 ,35.0566 
岳南鉄道線,138.7141 ,35.1596 
静岡鉄道静岡清水線,138.4391 ,34.9982 
天竜浜名湖鉄道天竜浜名湖線,137.7305 ,34.8278 
遠州鉄道鉄道線,137.7762 ,34.7816 
大井川鐵道大井川本線,138.1073 ,34.9697 
大井川鐵道井川線,138.1618 ,35.1682 
西名古屋港線,136.8651 ,35.1254 
東海交通事業城北線,136.8967 ,35.2293 
愛知環状鉄道線,137.1222 ,35.1213 
東部丘陵線,137.0600 ,35.1712 
名古屋市営地下鉄東山線,136.9226 ,35.1691 
名古屋市営地下鉄名城線,136.9329 ,35.1605 
名古屋市営地下鉄名港線,136.8897 ,35.1251 
名古屋市営地下鉄鶴舞線,136.9361 ,35.1710 
名古屋市営地下鉄桜通線,136.9382 ,35.1407 
名古屋市営地下鉄上飯田線,136.9297 ,35.2012 
桃花台新交通,136.9586 ,35.2982 
豊橋鉄道渥美線,137.3304 ,34.7035 
豊橋鉄道東田本線,137.4058 ,34.7650 
豊橋鉄道運動公園前線,137.4221 ,34.7619 
ガイドウェイバス志段味線,136.9612 ,35.2056 
明知鉄道明知線,137.4120 ,35.3828 
長良川鉄道越美南線,136.9272 ,35.7101 
樽見鉄道樽見線,136.6283 ,35.5152 
三岐鉄道三岐線,136.5441 ,35.0875 
三岐鉄道北勢線,136.5985 ,35.0946 
伊勢鉄道伊勢線,136.5524 ,34.8339 
伊賀鉄道伊賀線,136.1396 ,34.7334 
養老鉄道養老線,136.6224 ,35.2660 
近江鉄道本線,136.2110 ,35.1550 
近江鉄道多賀線,136.2677 ,35.2333 
近江鉄道八日市線,136.1504 ,35.1110 
信楽高原鐵道信楽線,136.0938 ,34.9132 
嵯峨野観光線,135.6517 ,35.0216 
叡山電鉄叡山本線,135.7909 ,35.0500 
叡山電鉄鞍馬線,135.7790 ,35.0862 
宮福線,135.1451 ,35.4267 
宮豊線,135.0215 ,35.5801 
宮舞線,135.2655 ,35.4997 
京都市営地下鉄烏丸線,135.7656 ,35.0163 
京都市営地下鉄東西線,135.7661 ,34.9792 
京福電鉄嵐山本線,135.7103 ,35.0127 
京福電鉄北野線,135.7124 ,35.0259 
北大阪急行電鉄,135.4955 ,34.7899 
泉北高速鉄道線,135.4892 ,34.5093 
水間鉄道水間線,135.3691 ,34.4280 
高速電気軌道第1号線,135.5118 ,34.6746 
高速電気軌道第2号線,135.5527 ,34.6757 
高速電気軌道第3号線,135.4937 ,34.6579 
高速電気軌道第4号線,135.4957 ,34.6678 
高速電気軌道第5号線,135.5153 ,34.6767 
高速電気軌道第6号線,135.5083 ,34.6776 
高速電気軌道第7号線,135.5382 ,34.6927 
高速電気軌道第8号線,135.5502 ,34.7178 
大阪市高速電気軌道南港ポートタウン線,135.4409 ,34.6284 
大阪モノレール線,135.5245 ,34.7891 
国際文化公園都市線,135.5271 ,34.8308 
阪堺電軌上町線,135.5042 ,34.6275 
阪堺電軌阪堺線,135.4809 ,34.5989 
神戸高速東西線,135.1727 ,34.6780 
神戸高速南北線,135.1674 ,34.6779 
神鉄有馬線,135.1851 ,34.7525 
神鉄三田線,135.2221 ,34.8501 
神鉄公園都市線,135.2068 ,34.8957 
神鉄粟生線,135.0190 ,34.7946 
神戸市営地下鉄北神線,135.1714 ,34.7617 
山陽電鉄本線,134.8841 ,34.7473 
山陽電鉄網干線,134.6290 ,34.7962 
能勢電鉄妙見線,135.4238 ,34.8723 
能勢電鉄日生線,135.4027 ,34.9008 
三木鉄道三木線,134.9391 ,34.7986 
北条鉄道北条線,134.8639 ,34.8950 
智頭急行智頭線,134.3268 ,35.0944 
神戸市営地下鉄西神線,135.0689 ,34.6831 
神戸市営地下鉄山手線,135.1715 ,34.6803 
神戸市営地下鉄海岸線,135.1689 ,34.6707 
神戸新交通ポートアイランド線,135.2126 ,34.6703 
神戸新交通六甲アイランド線,135.2678 ,34.7030 
紀州鉄道線,135.1561 ,33.8954 
和歌山電鐵貴志川線,135.2408 ,34.2293 
若桜鉄道若桜線,134.3024 ,35.3790 
一畑電車北松江線,132.8972 ,35.4577 
一畑電車大社線,132.7303 ,35.3896 
水島臨海鉄道水島本線,133.7479 ,34.5642 
井原鉄道井原線,133.5575 ,34.6167 
岡山電軌東山本線,133.9316 ,34.6624 
岡山電軌清輝橋線,133.9240 ,34.6586 
広島短距離交通瀬野線,132.5933 ,34.4275 
広島高速交通広島新交通1号線,132.4336 ,34.4391 
広電１号線(宇品線),132.4635 ,34.3801 
広電２号線(宮島線),132.3858 ,34.3715 
広電３号線,132.4524 ,34.3815 
広電５号線(皆実線),132.4677 ,34.3781 
広電６号線(江波線),132.4543 ,34.3886 
広電７号線,132.4529 ,34.3830 
広電８号線(横川線),132.4428 ,34.3912 
広電９号線(白島線),132.4642 ,34.4008 
錦川鉄道錦川清流線,132.0590 ,34.2074 
阿佐海岸鉄道阿佐東線,134.3113 ,33.5735 
琴電琴平線,133.9621 ,34.2621 
琴電長尾線,134.0974 ,34.3070 
琴電志度線,134.1166 ,34.3452 
伊予鉄道郡中線,132.7298 ,33.8085 
伊予鉄道高浜線,132.7277 ,33.8637 
伊予鉄道横河原線,132.8235 ,33.8126 
伊予鉄道１系統,132.7622 ,33.8449 
伊予鉄道２系統,132.7627 ,33.8438 
伊予鉄道３系統,132.7723 ,33.8430 
伊予鉄道５系統,132.7686 ,33.8436 
伊予鉄道６系統,132.7695 ,33.8481 
土佐くろしお鉄道中村線,133.0499 ,33.0947 
土佐くろしお鉄道宿毛線,132.8311 ,32.9626 
土佐くろしお鉄道ごめん・なはり線,133.8252 ,33.5160 
土佐電鉄ごめん線,133.5993 ,33.5686 
土佐電鉄伊野線,133.4919 ,33.5524 
土佐電鉄桟橋線,133.5466 ,33.5525 
甘木鉄道,130.5882 ,33.4162 
平成筑豊鉄道伊田線,130.7604 ,33.7009 
平成筑豊鉄道糸田線,130.7887 ,33.6591 
平成筑豊鉄道田川線,130.9010 ,33.6660 
平成筑豊鉄道門司港レトロ観光線,130.9659 ,33.9527 
福岡市営地下鉄空港線,130.3838 ,33.5936 
福岡市営地下鉄箱崎線,130.4171 ,33.6148 
福岡市営地下鉄七隈線,130.3668 ,33.5671 
北九州高速鉄道,130.8735 ,33.8561 
筑豊電気鉄道線,130.7320 ,33.8243 
松浦鉄道西九州線(有田～伊万里),129.8679 ,33.2289 
松浦鉄道西九州線(伊万里～佐世保),129.7346 ,33.2834 
島原鉄道線,130.1920 ,32.7683 
長崎電軌１系統,129.8684 ,32.7687 
長崎電軌３系統,129.8705 ,32.7682 
長崎電軌４系統,129.8842 ,32.7476 
長崎電軌５系統,129.8816 ,32.7455 
熊本電鉄本線,130.7298 ,32.8506 
熊本電鉄上熊本線,130.7091 ,32.8236 
南阿蘇鉄道高森線,131.0451 ,32.8439 
くま川鉄道湯前線,130.8811 ,32.2391 
肥薩おれんじ鉄道線,130.3914 ,32.1684 
熊本市電Ａ系統,130.7221 ,32.7910 
熊本市電Ｂ系統,130.7203 ,32.7980 
鹿児島市電１系統,130.5431 ,31.5637 
鹿児島市電２系統,130.5507 ,31.5815 
沖縄都市モノレール線,127.6881 ,26.2123 
